id,name
3278280,Toadally Dreadful Playtest
3278290,Feed The Pit
3278310,LANESPLIT
3278320,FIGHTING GIRL YURI Playtest
3278330,Forever Time
3278360,Autotag Demo
3278390,Gravenfall: Veil of Darkness
3278420,Robot Wars
3278450,General Purpose Trucker Demo
3278460,Catch A Fish
3278470,Beloved Rapture Soundtrack
3278480,上个P班
3278500,Numina: Construct
3278530,Cyber Courier 2088 Demo
3278560,Himei Dam
3278570,Rogue Texter Demo
3278580,君と彼女のリリィヴァガンザ 体験版
3278590,Hexed Time
3278600,Tentacle Tango Demo
3278620,Nothing is Known
3278640,New Year Simulator 2025 Demo
3278670,Menace from the Deep Soundtrack
3278680,Deskquarium
3278690,Gravy the gravedigger
3278710,Can't Sleep! Demo
3278720,Mutual Assured Destruction Simulator
3278730,Call for Heroes: Pompolic Wars
3278740,NEURO
3277760,白骑传说 Playtest
3277780,Symphony of the Stars Demo
3277790,A Shlong Adventure Demo
3277800,モノノケの国 Playtest
3277840,Chaperon
3277850,NMO - No More Operators Demo
3277890,The Book of Buja Demo
3277900,The Seven Realms: High Lathión - Official Walkthrough
3277910,The Seven Realms: High Lathión - Bonus Content
3277920,Slender - A Crooked Manifestation
3277940,Venge Act 0 Soundtrack
3277950,Unlimited Ducks
3277960,"Bonding, Now Demo"
3277970,Yawnoc Demo
3277980,Campaign Clash
3277990,Mobs 'N Monsters
3278000,Prophecrawl
3278010,Venge Act 1 Soundtrack
3278020,Zombie Blitzkrieg Demo
3278030,Prophecrawl Demo
3278040,A Stranded Spark Demo
3278050,Prophecrawl Soundtrack
